id,first_name,last_name,email,gender,country
1,Casey,Gobbett,cgobbett0@liveinternet.ru,Male,TH
2,Gianni,Cronshaw,,Male,MY
3,Flem,Faccini,ffaccini2@toplist.cz,Male,ID
4,Megen,Mateus,mmateus3@discuz.net,Female,ID
5,Alasteir,Hannaby,ahannaby4@smh.com.au,Male,ID
6,Myron,Mistry,mmistry5@oaic.gov.au,Male,PT
7,Heall,Bortoletti,hbortoletti6@bbc.co.uk,Male,CN
8,Shaun,Gouge,sgouge7@nydailynews.com,Female,RU
9,Anny,Twyford,atwyford8@china.com.cn,Female,LU
10,Cazzie,Doick,cdoick9@nature.com,Male,ID
11,Daffi,Yesson,,Female,US
12,Bradly,Lampett,,Male,CN
13,Jarib,Ogelsby,jogelsbyc@tiny.cc,Male,RU
14,Lela,Vosper,lvosperd@phoca.cz,Female,FR
15,Jacky,Pieters,jpieterse@google.fr,Male,PK
16,Devin,Ginnell,dginnellf@wired.com,Female,PL
17,Thain,Northfield,tnorthfieldg@salon.com,Male,TC
18,Cornall,Dendon,cdendonh@biblegateway.com,Male,UA
19,Sher,Ledgerton,sledgertoni@mtv.com,Female,VN
20,Cherish,Pymm,cpymmj@upenn.edu,Female,HR
21,Tori,Durdle,tdurdlek@latimes.com,Female,FR
22,Casar,Yurshev,cyurshevl@aol.com,Male,PH
23,Lorenzo,Bassano,lbassanom@narod.ru,Male,RS
24,Maurits,Tedman,mtedmann@google.com.br,Male,CN
25,Bear,Mynett,bmynetto@latimes.com,Male,CO
26,Aarika,Brommage,abrommagep@tinypic.com,Female,CN
27,Win,Slowgrove,wslowgroveq@yelp.com,Male,MZ
28,Deane,Tyt,dtytr@adobe.com,Female,US
29,Gigi,Fenne,gfennes@jimdo.com,Female,MU
30,Alejoa,Rabier,arabiert@istockphoto.com,Male,ID
31,Rosamond,Redman,rredmanu@japanpost.jp,Female,UA
32,Regen,Willicott,rwillicottv@skyrock.com,Male,RU
33,Lianne,Hill,lhillw@alibaba.com,Female,ID
34,Alissa,McFetridge,amcfetridgex@artisteer.com,Female,ZA
35,Brandise,Kidney,bkidneyy@slashdot.org,Female,FR
36,Fanchette,Thaw,fthawz@ebay.com,Female,SE
37,Jozef,Caughey,jcaughey10@timesonline.co.uk,Male,CN
38,Celestyn,Ravilus,cravilus11@canalblog.com,Female,BR
39,Worth,La Grange,wlagrange12@reddit.com,Male,ML
40,Durward,Rozycki,drozycki13@hostgator.com,Male,TN
41,Hilary,Kew,hkew14@accuweather.com,Female,ID
42,Dianna,Dayley,,Female,CU
43,Tripp,Clethro,,Male,BR
44,Frederique,Hand,fhand17@netscape.com,Female,KZ
45,Antonie,Gayforth,agayforth18@naver.com,Female,RU
46,Lorianne,Jenken,ljenken19@1688.com,Female,PA
47,Emilie,Cham,echam1a@dailymail.co.uk,Female,PH
48,Danit,Pierro,dpierro1b@hc360.com,Female,AR
49,Roddy,Kendrew,rkendrew1c@accuweather.com,Male,NG
50,Theodora,Thorndycraft,tthorndycraft1d@dell.com,Female,NL
51,Tammie,Gillice,tgillice1e@ask.com,Female,TZ
52,Fernanda,Marchiso,fmarchiso1f@wordpress.org,Female,MG
53,Katina,Kinver,kkinver1g@biglobe.ne.jp,Female,JP
54,Teodoro,Barnby,tbarnby1h@shinystat.com,Male,BR
55,Sibyl,Blaymires,,Female,CN
56,Elbertina,Wardale,ewardale1j@npr.org,Female,US
57,Findley,Chatwood,fchatwood1k@clickbank.net,Male,CN
58,Kara,White,kwhite1l@google.ru,Female,CN
59,Pasquale,Beal,pbeal1m@google.co.uk,Male,PT
60,Brianna,Bartle,bbartle1n@eventbrite.com,Female,BY
61,Josey,Leteurtre,jleteurtre1o@dmoz.org,Female,CD
62,Wayland,Karpeev,wkarpeev1p@slashdot.org,Male,AZ
63,Cairistiona,Fosdike,cfosdike1q@about.me,Female,TH
64,Bard,Bernhard,bbernhard1r@wisc.edu,Male,RU
65,Maggi,Yezafovich,myezafovich1s@buzzfeed.com,Female,CN
66,Cesar,Custy,ccusty1t@hexun.com,Male,HR
67,Ahmed,MacAdam,amacadam1u@netscape.com,Male,UA
68,Everett,Gooley,egooley1v@hostgator.com,Male,RU
69,Ivonne,Uzelli,iuzelli1w@baidu.com,Female,ID
70,Page,Geaves,pgeaves1x@posterous.com,Female,ID
71,Stanly,Summerly,,Male,CN
72,Darlleen,Stanning,dstanning1z@narod.ru,Female,PL
73,Frants,Skeats,fskeats20@gizmodo.com,Male,ID
74,Case,Ovendale,covendale21@cbslocal.com,Male,UA
75,Janis,Zemler,jzemler22@google.ru,Female,CN
76,Farly,Durnian,fdurnian23@amazon.com,Male,ID
77,Ansel,Chadd,achadd24@sbwire.com,Male,ID
78,Happy,Kearford,hkearford25@ifeng.com,Female,CZ
79,Minetta,Shakeshaft,mshakeshaft26@live.com,Female,ID
80,Briney,Bool,bbool27@vistaprint.com,Female,FR
81,Josepha,Wilby,jwilby28@live.com,Female,BR
82,Hieronymus,Lintot,hlintot29@blogspot.com,Male,BR
83,Camellia,Malser,cmalser2a@walmart.com,Female,CN
84,Frederick,Buckland,fbuckland2b@blogtalkradio.com,Male,IE
85,Vincent,Proby,vproby2c@wikia.com,Male,CO
86,Elenore,Godin,egodin2d@baidu.com,Female,CN
87,Patrizia,Miell,pmiell2e@wired.com,Female,NI
88,Ashleigh,Scrowton,ascrowton2f@mac.com,Female,FO
89,Steward,Etheridge,setheridge2g@hibu.com,Male,UA
90,Blair,Keddey,bkeddey2h@constantcontact.com,Male,BR
91,Rikki,Addionizio,raddionizio2i@ovh.net,Female,CD
92,Elton,Sandercock,esandercock2j@csmonitor.com,Male,ID
93,Briano,Anten,banten2k@europa.eu,Male,CN
94,Andonis,Pittson,apittson2l@wikispaces.com,Male,GB
95,Bennie,Sharkey,bsharkey2m@creativecommons.org,Male,BR
96,Julee,Dahlborg,jdahlborg2n@jimdo.com,Female,KR
97,Raff,Sheppey,rsheppey2o@wiley.com,Male,PH
98,Bebe,Meron,bmeron2p@technorati.com,Female,AF
99,Todd,Lambrick,tlambrick2q@gov.uk,Male,ID
100,Zeke,Realff,zrealff2r@dyndns.org,Male,CN
101,Hobard,Noirel,hnoirel2s@barnesandnoble.com,Male,TM
102,Niles,Dragge,ndragge2t@digg.com,Male,SY
103,Ashton,Fulton,afulton2u@sciencedirect.com,Male,NZ
104,Ferdinand,Benettelli,fbenettelli2v@wufoo.com,Male,CN
105,Winslow,Marchant,wmarchant2w@com.com,Male,AR
106,Angelina,Veness,aveness2x@shop-pro.jp,Female,RU
107,Rik,Weiss,rweiss2y@php.net,Male,RU
108,Norina,Downes,ndownes2z@nsw.gov.au,Female,CN
109,Ethe,Keep,ekeep30@squidoo.com,Male,PL
110,Britni,Onions,bonions31@merriam-webster.com,Female,PE
111,Leonora,Mothersole,lmothersole32@alexa.com,Female,BR
112,Miquela,Corzor,mcorzor33@w3.org,Female,CA
113,Dawna,Bunce,dbunce34@vimeo.com,Female,BR
114,Scarface,Eberdt,,Male,CN
115,Ilyse,Veal,iveal36@ucoz.ru,Female,AR
116,Emmi,Curness,ecurness37@mit.edu,Female,BE
117,Keen,Prosh,kprosh38@fda.gov,Male,RU
118,Kaia,Burnitt,kburnitt39@jimdo.com,Female,AZ
119,Boris,Fairlem,bfairlem3a@eventbrite.com,Male,CZ
120,Layla,Raitie,lraitie3b@fastcompany.com,Female,BR
121,Urban,Trahear,utrahear3c@merriam-webster.com,Male,PT
122,Amandi,Rawcliff,arawcliff3d@unc.edu,Female,GR
123,Sheila,Blankley,,Female,AR
124,Isidor,Cayle,,Male,CZ
125,Muhammad,Swarbrigg,,Male,SE
126,Kristian,Jubb,kjubb3h@sun.com,Male,CN
127,Wit,Gosnell,wgosnell3i@nhs.uk,Male,ID
128,Orelie,Ketchaside,oketchaside3j@oakley.com,Female,ID
129,Rudolf,Brakewell,rbrakewell3k@diigo.com,Male,TH
130,Titus,Figliovanni,tfigliovanni3l@vkontakte.ru,Male,BD
131,Katya,Allabarton,,Female,AR
132,Daryl,Phipson,dphipson3n@microsoft.com,Male,CN
133,Normand,Grayham,ngrayham3o@yellowpages.com,Male,HK
134,Lorinda,Burkart,lburkart3p@howstuffworks.com,Female,CN
135,Nathan,Ramberg,nramberg3q@creativecommons.org,Male,LV
136,Lorrie,Kelf,lkelf3r@example.com,Female,CN
137,Cammy,Swyre,cswyre3s@xing.com,Female,PK
138,Tailor,Rosini,trosini3t@artisteer.com,Male,CN
139,Elissa,Filde,,Female,BR
140,Randell,Dunsire,rdunsire3v@fc2.com,Male,ML
141,Jonas,Jeste,jjeste3w@washington.edu,Male,CN
142,Keenan,Martlew,kmartlew3x@europa.eu,Male,ID
143,Albie,Langeley,alangeley3y@shinystat.com,Male,TZ
144,Israel,Leggott,ileggott3z@blogspot.com,Male,PL
145,Gottfried,Hartnell,ghartnell40@arizona.edu,Male,FR
146,Thorvald,Gilbanks,tgilbanks41@bizjournals.com,Male,CH
147,Krissie,Giacopelo,kgiacopelo42@infoseek.co.jp,Female,CO
148,Jarad,Egan,jegan43@zimbio.com,Male,OM
149,Hillary,Yerbury,hyerbury44@unesco.org,Male,CN
150,Nettle,Betke,nbetke45@europa.eu,Female,NP
151,Brice,Krzysztof,bkrzysztof46@plala.or.jp,Male,LK
152,Obediah,Camilleri,ocamilleri47@miibeian.gov.cn,Male,RU
153,Georgeanne,Teml,gteml48@theguardian.com,Female,PL
154,Jorrie,Cumbes,jcumbes49@symantec.com,Female,EG
155,Lian,Creffield,,Female,RU
156,Dewain,Baudino,dbaudino4b@japanpost.jp,Male,KH
157,Ninnette,Scampion,nscampion4c@blogtalkradio.com,Female,MY
158,Edie,MacNish,emacnish4d@washingtonpost.com,Female,AZ
159,Ginelle,Aguilar,gaguilar4e@homestead.com,Female,BR
160,Sasha,Heeran,sheeran4f@mapquest.com,Female,GU
161,Pren,Sousa,psousa4g@wikispaces.com,Male,CN
162,Marline,Gorham,mgorham4h@g.co,Female,UA
163,Kris,Silmon,ksilmon4i@patch.com,Female,BR
164,Michaeline,Klaas,mklaas4j@boston.com,Female,ID
165,Worthington,McCaskell,wmccaskell4k@indiatimes.com,Male,VE
166,Feodora,Dewhurst,fdewhurst4l@gizmodo.com,Female,PH
167,Charmian,Iffe,ciffe4m@apache.org,Female,PH
168,Lyell,Di Francesco,ldifrancesco4n@msn.com,Male,CM
169,Belva,Naismith,,Female,SE
170,Toddie,Labes,tlabes4p@networkadvertising.org,Male,PT
171,Salomi,Peasey,speasey4q@amazonaws.com,Female,FR
172,Almeda,Croci,acroci4r@wired.com,Female,NE
173,Ema,Silkston,,Female,RU
174,Fulvia,Fletcher,ffletcher4t@usgs.gov,Female,ID
175,Lyle,Strickett,lstrickett4u@mayoclinic.com,Male,CL
176,Patten,Burnsyde,pburnsyde4v@java.com,Male,UG
177,Cori,Fairnington,cfairnington4w@edublogs.org,Male,CN
178,Ardyce,Harfoot,aharfoot4x@ox.ac.uk,Female,ID
179,Edin,Tudor,,Female,BR
180,Wainwright,Tupman,wtupman4z@spotify.com,Male,TZ
181,Verile,Orrah,vorrah50@xinhuanet.com,Female,PH
182,Yoshi,Birkett,ybirkett51@cbslocal.com,Female,AF
183,Laurianne,Satterley,,Female,PH
184,Montgomery,Brusle,mbrusle53@github.com,Male,PE
185,Torrence,Boatwright,tboatwright54@typepad.com,Male,CN
186,Petronia,Joscelyn,pjoscelyn55@fastcompany.com,Female,RU
187,Donna,Mountstephen,dmountstephen56@weibo.com,Female,MY
188,Jean,Lambe,jlambe57@godaddy.com,Female,CN
189,Cad,Gookey,cgookey58@vistaprint.com,Male,CN
190,Jacques,Garthland,jgarthland59@webeden.co.uk,Male,KZ
191,Dwight,Hoffmann,dhoffmann5a@list-manage.com,Male,CN
192,Hailee,Haitlie,hhaitlie5b@berkeley.edu,Female,IE
193,Marleen,Kirvin,mkirvin5c@lycos.com,Female,PL
194,Briano,Dautry,bdautry5d@hexun.com,Male,BR
195,Edvard,Bohlje,ebohlje5e@deliciousdays.com,Male,KP
196,Veronike,Beadon,vbeadon5f@spotify.com,Female,CI
197,Abigale,Rubenov,,Female,SE
198,Itch,De La Haye,idelahaye5h@cbc.ca,Male,SI
199,Hurlee,Izakson,hizakson5i@dagondesign.com,Male,CZ
200,Christos,McNaught,cmcnaught5j@php.net,Male,MX
201,Melly,Eidelman,,Female,PE
202,Justino,Mowsdill,jmowsdill5l@chron.com,Male,ID
203,Chaunce,Taill,ctaill5m@ehow.com,Male,BG
204,Evyn,Canfield,ecanfield5n@multiply.com,Male,FR
205,Valaree,Gravell,vgravell5o@google.com.hk,Female,ID
206,Constantino,Thormann,cthormann5p@youtube.com,Male,CN
207,Euell,Carnduff,ecarnduff5q@examiner.com,Male,BR
208,Drusy,Stranieri,,Female,RU
209,Bendicty,Anelay,banelay5s@live.com,Male,CL
210,Ninnetta,Hassewell,nhassewell5t@nbcnews.com,Female,CN
211,Carie,Farrer,cfarrer5u@constantcontact.com,Female,AM
212,Nari,Brinkworth,nbrinkworth5v@addtoany.com,Female,RW
213,Gilberto,Marquand,gmarquand5w@yellowbook.com,Male,MK
214,Peg,Fullilove,pfullilove5x@myspace.com,Female,MN
215,Griffy,Ritchie,gritchie5y@squidoo.com,Male,PE
216,Claudio,Gridley,cgridley5z@springer.com,Male,RS
217,Shelbi,Murthwaite,smurthwaite60@constantcontact.com,Female,MX
218,Barnebas,Jury,,Male,PL
219,Austin,Sworder,asworder62@alexa.com,Female,CN
220,Hailee,Risbridger,hrisbridger63@reuters.com,Female,ZA
221,Zebulen,Bande,zbande64@dagondesign.com,Male,BA
222,Darcie,Ashmore,dashmore65@slashdot.org,Female,CN
223,Thatch,Kenworthey,tkenworthey66@house.gov,Male,PT
224,Perice,Andreasson,pandreasson67@etsy.com,Male,CL
225,Tallia,Deppen,tdeppen68@mayoclinic.com,Female,UA
226,Celka,Ruckhard,cruckhard69@comcast.net,Female,UA
227,Lev,Worthy,lworthy6a@pen.io,Male,ID
228,Garner,Smaile,gsmaile6b@paypal.com,Male,GE
229,Ethelda,Matelyunas,ematelyunas6c@mediafire.com,Female,RU
230,Slade,Chidzoy,schidzoy6d@example.com,Male,JP
231,Doreen,Beeho,dbeeho6e@engadget.com,Female,MX
232,Thedric,Neubigging,,Male,PL
233,Maye,MacSweeney,mmacsweeney6g@businessweek.com,Female,UG
234,Maxie,Creeghan,mcreeghan6h@wikispaces.com,Male,PH
235,Mattheus,Hawkeswood,mhawkeswood6i@boston.com,Male,ID
236,Carlin,Henworth,chenworth6j@wordpress.com,Female,US
237,Hank,Eccleshall,heccleshall6k@zdnet.com,Male,UA
238,Danny,Shalloe,dshalloe6l@oracle.com,Female,SO
239,Arley,Molder,amolder6m@youku.com,Male,HR
240,Kristofer,Kobelt,kkobelt6n@mapy.cz,Male,GR
241,Thorny,Elgey,telgey6o@foxnews.com,Male,GR
242,Pandora,Milesap,pmilesap6p@patch.com,Female,CA
243,Aloin,Boak,aboak6q@altervista.org,Male,ID
244,Mariejeanne,Saiens,msaiens6r@a8.net,Female,YE
245,Meredith,Strain,,Male,BA
246,Arleyne,Townes,atownes6t@xinhuanet.com,Female,SE
247,Darci,Eginton,deginton6u@unicef.org,Female,PL
248,Hanson,Rewcastle,hrewcastle6v@sohu.com,Male,UA
249,Odella,Sussans,osussans6w@barnesandnoble.com,Female,HN
250,Arther,Landell,alandell6x@phoca.cz,Male,CN
251,Melesa,Valerius,mvalerius6y@google.ru,Female,GR
252,Lucho,Caudle,,Male,CN
253,Hersch,Fridd,hfridd70@boston.com,Male,AF
254,Georgy,Pentony,gpentony71@seattletimes.com,Male,MX
255,Ossie,Annesley,oannesley72@ted.com,Male,IE
256,Coleen,Wiggin,cwiggin73@github.io,Female,NP
257,Shellie,Fritschel,sfritschel74@skyrock.com,Female,CO
258,Horatius,Andover,handover75@printfriendly.com,Male,RU
259,Starlene,Dyton,sdyton76@sina.com.cn,Female,NG
260,Megan,Masurel,mmasurel77@histats.com,Female,CO
261,Greggory,Gunning,ggunning78@biglobe.ne.jp,Male,US
262,Alika,Finding,,Female,CN
263,Auroora,Melding,,Female,SE
264,Thomas,Eagger,teagger7b@salon.com,Male,FR
265,Washington,Garshore,wgarshore7c@nyu.edu,Male,ID
266,Tatum,Brandom,tbrandom7d@unicef.org,Female,PE
267,Vinson,Sudlow,vsudlow7e@answers.com,Male,TH
268,Kelby,Tivenan,ktivenan7f@nba.com,Male,PH
269,Lynette,Life,llife7g@de.vu,Female,PL
270,Riley,Veracruysse,rveracruysse7h@hubpages.com,Male,US
271,Heall,Riediger,hriediger7i@hatena.ne.jp,Male,JM
272,Cristin,McCrohon,cmccrohon7j@vimeo.com,Female,VN
273,Lesley,Tarburn,ltarburn7k@cnbc.com,Male,TH
274,Pablo,Mounce,pmounce7l@biblegateway.com,Male,PH
275,Zelma,Ivachyov,zivachyov7m@webnode.com,Female,ID
276,Eugenia,Pettit,epettit7n@gov.uk,Female,SO
277,Davita,Nears,,Female,PE
278,Robin,Aucoate,raucoate7p@vistaprint.com,Female,NO
279,Mitchael,Josefsohn,,Male,PL
280,Bryana,Baudichon,bbaudichon7r@zimbio.com,Female,SE
281,Arvin,Blagbrough,ablagbrough7s@elegantthemes.com,Male,PL
282,Kerrin,Riccardelli,kriccardelli7t@goo.gl,Female,ZW
283,Noland,Gave,ngave7u@fotki.com,Male,ID
284,Monro,Waker,mwaker7v@ustream.tv,Male,TH
285,Fannie,Abbes,fabbes7w@theguardian.com,Female,NI
286,Bucky,Pemberton,bpemberton7x@apache.org,Male,US
287,Arlette,Sired,asired7y@wisc.edu,Female,IL
288,Blondelle,Friman,bfriman7z@myspace.com,Female,VN
289,Ingra,Bambra,ibambra80@cam.ac.uk,Male,ID
290,Natasha,Origan,norigan81@bing.com,Female,ID
291,Robby,Bradneck,rbradneck82@weibo.com,Female,TH
292,Sanders,Moorfield,smoorfield83@cyberchimps.com,Male,PT
293,Jenica,Witherden,jwitherden84@toplist.cz,Female,ID
294,Norrie,Millbank,nmillbank85@auda.org.au,Female,SE
295,Gabriella,Lassells,glassells86@people.com.cn,Female,BR
296,Borg,Coning,bconing87@ning.com,Male,PL
297,Dana,Tassell,,Female,ID
298,Opalina,Partener,opartener89@cpanel.net,Female,AO
299,Aubine,Smowton,asmowton8a@webeden.co.uk,Female,IR
300,Dona,Rivalant,drivalant8b@slate.com,Female,MN
301,Heather,Zorzi,hzorzi8c@nsw.gov.au,Female,PT
302,Cheston,Feeley,cfeeley8d@nbcnews.com,Male,PH
303,Raleigh,Tschierse,rtschierse8e@springer.com,Male,ID
304,Porty,Caso,pcaso8f@freewebs.com,Male,FI
305,Bunnie,Hayhoe,bhayhoe8g@privacy.gov.au,Female,CN
306,Sayre,Tidbold,stidbold8h@rediff.com,Male,ID
307,Pip,Garcia,pgarcia8i@google.com.br,Male,CN
308,Grange,Ryton,gryton8j@is.gd,Male,BR
309,Jasmine,Palatino,,Female,NO
310,Raynard,Pountain,rpountain8l@walmart.com,Male,ID
311,Hedvig,Julian,hjulian8m@opensource.org,Female,CN
312,Chrissy,Sinnott,csinnott8n@elegantthemes.com,Female,PT
313,Darwin,Mateescu,dmateescu8o@macromedia.com,Male,CN
314,Merrel,Darracott,mdarracott8p@aboutads.info,Male,MZ
315,Stoddard,Netley,snetley8q@usnews.com,Female,RU
316,Therine,Baford,tbaford8r@blogtalkradio.com,Female,MY
317,Haley,Radenhurst,hradenhurst8s@gmpg.org,Female,JP
318,Avivah,Fulleylove,afulleylove8t@gmpg.org,Female,CN
319,Allin,Akast,aakast8u@whitehouse.gov,Male,PT
320,Aprilette,Cayser,acayser8v@archive.org,Female,PT
321,Cahra,Kuban,ckuban8w@biblegateway.com,Female,CN
322,Darbee,Bullant,dbullant8x@microsoft.com,Male,NO
323,Kathie,Dudhill,kdudhill8y@apache.org,Female,SE
324,Roxine,Nesfield,rnesfield8z@ovh.net,Female,CN
325,Wayland,Bursell,wbursell90@tuttocitta.it,Male,KR
326,Daffie,Cawt,dcawt91@dailymail.co.uk,Female,EG
327,Livia,Vurley,lvurley92@ihg.com,Female,ID
328,Oran,Cosgrave,ocosgrave93@scribd.com,Male,ZA
329,Trudy,Ramos,tramos94@cyberchimps.com,Female,PL
330,Ruggiero,Conquest,rconquest95@patch.com,Male,RU
331,Cly,Hurran,churran96@si.edu,Male,PL
332,Kimberlyn,Conibere,,Female,CN
333,Cyrill,Cosby,ccosby98@squarespace.com,Male,GP
334,Rosamond,Aubrun,,Female,CA
335,Anatollo,Puve,apuve9a@wired.com,Male,FR
336,Bria,Hedau,bhedau9b@salon.com,Female,PH
337,Owen,Layne,olayne9c@ocn.ne.jp,Male,BR
338,Hewitt,Gilliatt,hgilliatt9d@freewebs.com,Male,AF
339,Xaviera,Tilbury,xtilbury9e@harvard.edu,Female,PT
340,Raquel,Wasmer,,Female,BR
341,Ardisj,Brenton,abrenton9g@google.com,Female,TH
342,Adella,Alenikov,,Female,PK
343,Heidi,Cashman,hcashman9i@globo.com,Female,CA
344,Sinclare,Quixley,squixley9j@zimbio.com,Male,KH
345,Brnaba,Pedican,bpedican9k@newsvine.com,Male,SE
346,Vale,McCrea,vmccrea9l@studiopress.com,Male,CN
347,Ennis,Lethlay,elethlay9m@goo.gl,Male,NG
348,Reid,Gero,,Male,RU
349,Erwin,Nertney,enertney9o@skype.com,Male,PH
350,Filbert,Simonutti,fsimonutti9p@nationalgeographic.com,Male,BR
351,Hasty,Keoghane,hkeoghane9q@bigcartel.com,Male,NO
352,Reta,Rickett,rrickett9r@craigslist.org,Female,RU
353,Burl,Bailes,bbailes9s@shareasale.com,Male,IE
354,Sallyann,Carrett,scarrett9t@hibu.com,Female,CA
355,Chrissie,Silvester,csilvester9u@archive.org,Male,PS
356,Cora,Andrey,candrey9v@msu.edu,Female,PT
357,Ninetta,Ragless,nragless9w@gov.uk,Female,CN
358,Elvira,Camois,ecamois9x@gmpg.org,Female,KZ
359,Hilton,Valsler,hvalsler9y@mashable.com,Male,CO
360,Mason,Mulhill,mmulhill9z@whitehouse.gov,Male,CN
361,Ilene,Lethem,ilethema0@eepurl.com,Female,IR
362,Janice,Carreyette,jcarreyettea1@addthis.com,Female,UA
363,Bron,Thunders,,Male,PH
364,Tonia,Coupman,tcoupmana3@ibm.com,Female,PH
365,Kylynn,Spedroni,,Female,CN
366,Sheela,Crumby,,Female,CN
367,Gaylord,Vasishchev,gvasishcheva6@businessinsider.com,Male,SE
368,Ignacio,Celand,icelanda7@zimbio.com,Male,NL
369,Aubrey,Yair,,Female,ID
370,Lanae,Cadman,lcadmana9@timesonline.co.uk,Female,ID
371,Tiebout,Kupec,tkupecaa@paginegialle.it,Male,CN
372,Richy,Britten,rbrittenab@gmpg.org,Male,IE
373,Shauna,St. Paul,,Female,RU
374,Mariska,Runcie,mrunciead@jalbum.net,Female,ID
375,Whitney,Karlowicz,wkarlowiczae@bravesites.com,Male,KR
376,Zorine,Cortez,zcortezaf@feedburner.com,Female,ID
377,Moll,Sherrington,msherringtonag@thetimes.co.uk,Female,KM
378,Ruperto,Dingate,rdingateah@godaddy.com,Male,PE
379,Roman,Alvares,ralvaresai@nih.gov,Male,FR
380,Lemuel,Osanne,losanneaj@cornell.edu,Male,CN
381,Bartolomeo,Childs,bchildsak@mediafire.com,Male,PL
382,Chic,Harmston,charmstonal@twitpic.com,Male,GE
383,Alejandra,Tschirschky,atschirschkyam@un.org,Female,FR
384,Zerk,Maudlin,zmaudlinan@usatoday.com,Male,ID
385,Vanya,Brose,vbroseao@thetimes.co.uk,Female,US
386,Brigit,Lowensohn,blowensohnap@mit.edu,Female,DO
387,Atlante,Ludvigsen,aludvigsenaq@mapy.cz,Female,CZ
388,Traver,Sartain,tsartainar@patch.com,Male,US
389,Darb,Nugent,dnugentas@mozilla.org,Female,ID
390,Loretta,Piggens,lpiggensat@360.cn,Female,CN
391,Clement,Straughan,cstraughanau@nifty.com,Male,MY
392,Alia,Hobson,ahobsonav@eepurl.com,Female,JP
393,Kakalina,Iaduccelli,kiaduccelliaw@dot.gov,Female,CO
394,Janeczka,Brownsell,jbrownsellax@fda.gov,Female,BR
395,Cynthie,Cormack,ccormackay@hostgator.com,Female,ID
396,Lynnet,Burchnall,lburchnallaz@arizona.edu,Female,ID
397,Lizbeth,Gosney,lgosneyb0@bluehost.com,Female,YE
398,Allie,Boycott,aboycottb1@google.it,Male,BR
399,Darrel,Tavener,dtavenerb2@qq.com,Male,MN
400,Beatrisa,Boothman,bboothmanb3@tinypic.com,Female,CN
401,Toinette,Salerno,tsalernob4@bbc.co.uk,Female,UA
402,Gerta,Rainbow,grainbowb5@mashable.com,Female,CZ
403,Terrie,Acosta,tacostab6@dell.com,Female,BR
404,Skell,L'argent,slargentb7@eepurl.com,Male,BY
405,Renard,Pizer,,Male,TH
406,Giselle,Thorrington,gthorringtonb9@mozilla.org,Female,CN
407,Scarface,Deport,sdeportba@unc.edu,Male,BR
408,Brett,Rate,bratebb@adobe.com,Female,ID
409,Duane,Bedminster,dbedminsterbc@tuttocitta.it,Male,SE
410,Jarvis,Sommerfeld,jsommerfeldbd@bloomberg.com,Male,PW
411,Ichabod,Print,iprintbe@wired.com,Male,CZ
412,Ginevra,Riepel,,Female,CN
413,Max,Nowick,mnowickbg@artisteer.com,Male,PH
414,Frederica,Huegett,fhuegettbh@cornell.edu,Female,PY
415,Melisa,Brobyn,mbrobynbi@sbwire.com,Female,PT
416,Conway,Hegarty,chegartybj@tinyurl.com,Male,JP
417,Jillie,Mustin,jmustinbk@xinhuanet.com,Female,RU
418,Sascha,Luckham,,Male,CN
419,Rebe,Oakman,roakmanbm@umich.edu,Female,BR
420,Kimble,Seydlitz,kseydlitzbn@nasa.gov,Male,CO
421,Luise,Fluck,lfluckbo@skype.com,Female,AI
422,Anthony,Gibbieson,agibbiesonbp@dmoz.org,Male,CN
423,Cicily,Verlinden,cverlindenbq@utexas.edu,Female,VN
424,Roz,Vowdon,,Female,CN
425,Austina,Monkley,amonkleybs@hexun.com,Female,US
426,Salim,Burras,,Male,BY
427,Levin,Whetson,lwhetsonbu@storify.com,Male,SE
428,Garwood,Willas,gwillasbv@hhs.gov,Male,CA
429,Mohammed,Nystrom,mnystrombw@rambler.ru,Male,CN
430,Kinna,O' Finan,kofinanbx@networksolutions.com,Female,ES
431,Olin,Liddy,oliddyby@ehow.com,Male,CN
432,Jonis,Dufaire,jdufairebz@businesswire.com,Female,CN
433,Eb,Havis,ehavisc0@tripadvisor.com,Male,CN
434,Trace,Benjefield,tbenjefieldc1@forbes.com,Male,ID
435,Lotte,Cansdell,lcansdellc2@chicagotribune.com,Female,CA
436,Mariejeanne,Foard,mfoardc3@dot.gov,Female,GH
437,Joelie,Arundell,jarundellc4@wordpress.org,Female,RU
438,Hercule,Lightwing,hlightwingc5@privacy.gov.au,Male,PH
439,Lennard,Garratt,lgarrattc6@yolasite.com,Male,BR
440,Reeta,Scoines,rscoinesc7@state.tx.us,Female,CN
441,Alexina,Tooby,,Female,NO
442,Mindy,Relf,mrelfc9@51.la,Female,KZ
443,Vivianna,Dainton,vdaintonca@addtoany.com,Female,EG
444,Marigold,Grumley,mgrumleycb@ycombinator.com,Female,FR
445,Clement,Akram,cakramcc@berkeley.edu,Male,KE
446,Natty,Janiszewski,,Male,IE
447,Keefe,Ballard,,Male,AR
448,Phillip,Camelli,pcamellicf@ezinearticles.com,Male,PT
449,Roley,Tallis,rtalliscg@smh.com.au,Male,JP
450,Sidoney,McCrackem,,Female,CN
451,Merl,Dalrymple,mdalrympleci@vinaora.com,Female,NG
452,Gage,Corner,gcornercj@hc360.com,Male,ID
453,Mureil,Gilyatt,mgilyattck@bizjournals.com,Female,ID
454,Clarinda,Semiraz,csemirazcl@imageshack.us,Female,PL
455,Georgie,Goneau,ggoneaucm@yellowbook.com,Male,ID
456,Miner,Jacquest,mjacquestcn@goo.gl,Male,JP
457,Costa,Nickols,,Male,CO
458,Winifield,Belcham,wbelchamcp@scribd.com,Male,UZ
459,Sebastian,Redihough,sredihoughcq@google.es,Male,RU
460,Cherianne,Alcorn,calcorncr@skype.com,Female,KG
461,Ladonna,Durnford,,Female,CN
462,Gwynne,Darbishire,,Female,SA
463,Siward,Twigg,stwiggcu@senate.gov,Male,ID
464,Verina,Zannutti,vzannutticv@china.com.cn,Female,CN
465,Nelson,Adolf,nadolfcw@intel.com,Male,AR
466,Dilly,Cobbing,dcobbingcx@360.cn,Male,ID
467,Charline,Riseley,criseleycy@hp.com,Female,FR
468,Alexina,Paute,apautecz@indiatimes.com,Female,LC
469,Johnathon,Springthorp,jspringthorpd0@indiegogo.com,Male,SE
470,Lazar,Danilin,ldanilind1@mapquest.com,Male,VN
471,Jill,Blint,jblintd2@jalbum.net,Female,UA
472,Sigmund,Crosscombe,scrosscombed3@macromedia.com,Male,RU
473,Carolan,Olenikov,colenikovd4@amazon.co.jp,Female,RU
474,Feodora,Dickenson,fdickensond5@answers.com,Female,BY
475,Norbie,Triner,ntrinerd6@omniture.com,Male,JP
476,Jenelle,Digginson,jdigginsond7@netlog.com,Female,CN
477,Nil,Spaducci,nspaduccid8@myspace.com,Male,PE
478,Ruttger,Chalfont,rchalfontd9@storify.com,Male,FR
479,Barr,Extill,,Male,GH
480,Sharleen,Golton,sgoltondb@google.com.br,Female,BR
481,Kort,Nutt,knuttdc@usatoday.com,Male,CN
482,Michail,Tripney,mtripneydd@fda.gov,Male,WS
483,Travers,Stoney,,Male,GB
484,Alisha,Ambrogiotti,aambrogiottidf@tumblr.com,Female,VE
485,Sonja,Riediger,sriedigerdg@google.com,Female,MC
486,Leilah,Coombes,lcoombesdh@pinterest.com,Female,RS
487,Avivah,Stalley,astalleydi@buzzfeed.com,Female,SE
488,Debor,Gaitskell,dgaitskelldj@ask.com,Female,ID
489,Marchelle,Ochiltree,mochiltreedk@skype.com,Female,GR
490,Ethelda,Olpin,eolpindl@deliciousdays.com,Female,PH
491,Glynn,Ruppel,gruppeldm@sogou.com,Male,CN
492,Mikey,Pavlenkov,mpavlenkovdn@de.vu,Male,FR
493,Holli,Murrigan,hmurrigando@qq.com,Female,CY
494,Ara,Birth,abirthdp@guardian.co.uk,Female,RU
495,Erma,Brunskill,ebrunskilldq@scientificamerican.com,Female,IE
496,Vivianna,Prinne,vprinnedr@google.com.br,Female,CN
497,Roslyn,Handrik,rhandrikds@skyrock.com,Female,AM
498,Lorelle,Coursor,lcoursordt@nymag.com,Female,PH
499,Pandora,Guise,pguisedu@marriott.com,Female,JM
500,Khalil,O'Doherty,,Male,GB
501,Brigham,Statersfield,bstatersfielddw@unesco.org,Male,PS
502,Karoly,Rivelin,krivelindx@howstuffworks.com,Male,US
503,Melanie,Hollindale,mhollindaledy@friendfeed.com,Female,UA
504,Lancelot,Lengthorn,llengthorndz@nih.gov,Male,CZ
505,Rodd,Crigin,rcrigine0@icio.us,Male,RU
506,Aleen,Ditts,adittse1@washington.edu,Female,CN
507,Hamilton,Malyon,,Male,CN
508,Darcy,Banasiak,dbanasiake3@desdev.cn,Male,RU
509,Carolus,Ruxton,cruxtone4@biglobe.ne.jp,Male,BR
510,Chauncey,Bazelle,cbazellee5@ifeng.com,Male,FR
511,Daren,Stoak,dstoake6@macromedia.com,Male,RU
512,Laure,Amiss,,Female,RU
513,Darla,Cove,dcovee8@com.com,Female,PH
514,Maurizia,McArley,mmcarleye9@slideshare.net,Female,CN
515,Berry,Mars,bmarsea@macromedia.com,Female,KH
516,Alfie,Kenewell,akenewelleb@gnu.org,Female,CN
517,Lethia,Awdry,lawdryec@studiopress.com,Female,RU
518,Gibby,Ausiello,gausielloed@uiuc.edu,Male,ID
519,Flora,Calderwood,fcalderwoodee@wikia.com,Female,BR
520,Marylee,Dommersen,mdommersenef@barnesandnoble.com,Female,MX
521,Allayne,Bolens,abolenseg@bing.com,Male,ID
522,Jeanine,Scourge,jscourgeeh@dmoz.org,Female,CA
523,Burty,Slyne,bslyneei@blogs.com,Male,GT
524,Marris,Philbrick,mphilbrickej@4shared.com,Female,RE
525,Hadleigh,Boas,hboasek@sfgate.com,Male,NG
526,Guillema,Sherwin,gsherwinel@ted.com,Female,AO
527,Alic,Flute,afluteem@about.me,Male,AF
528,Victoria,Vann,vvannen@joomla.org,Female,CO
529,Abelard,Dallender,adallendereo@dmoz.org,Male,KZ
530,Renato,Haddow,rhaddowep@xing.com,Male,PL
531,Rhetta,Geertje,rgeertjeeq@furl.net,Female,PT
532,Vanna,Maydwell,vmaydweller@weebly.com,Female,EC
533,Rorie,Figg,rfigges@cam.ac.uk,Female,XK
534,Purcell,Broadis,,Male,BR
535,Dieter,Gumn,dgumneu@de.vu,Male,KP
536,Kendall,Broomhall,kbroomhallev@addtoany.com,Male,RU
537,Abeu,Khan,akhanew@mysql.com,Male,GR
538,Idalia,MacGlory,imacgloryex@vistaprint.com,Female,VN
539,Raimondo,Ketchen,rketcheney@census.gov,Male,BR
540,Francisca,Cornfield,fcornfieldez@ask.com,Female,CO
541,Rosalyn,Hearons,rhearonsf0@cisco.com,Female,TH
542,Shari,Titcomb,stitcombf1@miitbeian.gov.cn,Female,BR
543,Samson,Sivill,ssivillf2@youku.com,Male,PH
544,Sharai,Robathon,srobathonf3@berkeley.edu,Female,VE
545,Veda,Morican,vmoricanf4@freewebs.com,Female,TJ
546,Margaux,Erridge,merridgef5@live.com,Female,RU
547,Lenna,Dyne,ldynef6@noaa.gov,Female,JP
548,Doy,Charman,dcharmanf7@independent.co.uk,Male,BR
549,Rodrick,Pressey,rpresseyf8@dagondesign.com,Male,SY
550,Demetri,Pedroli,dpedrolif9@forbes.com,Male,ID
551,Rochell,Raymont,rraymontfa@newyorker.com,Female,EG
552,Alberik,Joney,ajoneyfb@microsoft.com,Male,SL
553,Welbie,Blazeby,wblazebyfc@guardian.co.uk,Male,PE
554,Ellwood,Josephy,ejosephyfd@spotify.com,Male,RU
555,Tera,Birdall,tbirdallfe@washingtonpost.com,Female,JP
556,Bendicty,Rangell,brangellff@salon.com,Male,ID
557,Charil,Dahmel,cdahmelfg@google.ca,Female,ID
558,Tory,Dorie,tdoriefh@weebly.com,Female,ID
559,Ailina,Bandey,abandeyfi@alibaba.com,Female,CZ
560,Giovanni,Kyberd,gkyberdfj@salon.com,Male,ZA
561,Sula,Dutnall,sdutnallfk@uiuc.edu,Female,CN
562,Harlin,Venny,hvennyfl@webeden.co.uk,Male,ID
563,Ermentrude,Wethey,,Female,CZ
564,Libbey,Rampley,lrampleyfn@prweb.com,Female,TJ
565,Ashia,Vickerman,avickermanfo@amazon.co.jp,Female,CN
566,Carmelina,Espadater,cespadaterfp@msn.com,Female,FR
567,Alleen,Standingford,astandingfordfq@youtu.be,Female,DO
568,Pacorro,Vivians,pviviansfr@feedburner.com,Male,CN
569,Rickert,Bellanger,rbellangerfs@printfriendly.com,Male,PE
570,Chariot,Golby,cgolbyft@washingtonpost.com,Male,VE
571,Whitaker,Rawe,wrawefu@cafepress.com,Male,AF
572,Blanche,Lemmers,blemmersfv@skyrock.com,Female,RU
573,Derril,Murphy,dmurphyfw@businessweek.com,Male,CN
574,Monte,Odd,moddfx@rakuten.co.jp,Male,JP
575,Winni,Peacey,wpeaceyfy@free.fr,Female,GT
576,Leif,Shiril,lshirilfz@oracle.com,Male,NO
577,Stanislaw,Doddemeade,sdoddemeadeg0@theglobeandmail.com,Male,MX
578,Rustin,Enrich,renrichg1@infoseek.co.jp,Male,CN
579,Michel,McKinie,mmckinieg2@upenn.edu,Female,CN
580,Callida,Purselowe,cpurseloweg3@ft.com,Female,PH
581,Hubey,Joiris,,Male,PL
582,Harriot,Blakeston,hblakestong5@google.cn,Female,RU
583,Lennard,Andren,landreng6@bbb.org,Male,PE
584,Kermy,Sustin,ksusting7@taobao.com,Male,RS
585,Jackquelin,Buscombe,jbuscombeg8@usatoday.com,Female,VN
586,Ky,Povall,kpovallg9@freewebs.com,Male,CN
587,Karrie,Burlay,kburlayga@nytimes.com,Female,ID
588,Quintina,Entissle,,Female,NA
589,Duffie,Dubs,ddubsgc@4shared.com,Male,CN
590,Godard,Wyley,gwyleygd@nifty.com,Male,ID
591,Paulette,Kesten,pkestenge@umn.edu,Female,RU
592,Maxwell,Puffett,mpuffettgf@bbc.co.uk,Male,CZ
593,Hans,Vedmore,hvedmoregg@google.fr,Male,CN
594,Hinda,Chittenden,hchittendengh@gravatar.com,Female,FR
595,Gabe,Nare,gnaregi@ehow.com,Male,VN
596,Sabine,Laden,sladengj@sourceforge.net,Female,AR
597,Creight,Bloy,cbloygk@arstechnica.com,Male,RU
598,Lennie,Speechley,lspeechleygl@elpais.com,Male,MX
599,Vilma,Cousans,vcousansgm@hatena.ne.jp,Female,CO
600,Stanislaus,Cargo,scargogn@dot.gov,Male,PL
601,Reiko,Bootton,rboottongo@hubpages.com,Female,IR
602,Winnie,Skerme,wskermegp@netlog.com,Male,TZ
603,Charo,Rawlcliffe,crawlcliffegq@lycos.com,Female,FR
604,Aliza,Warman,awarmangr@psu.edu,Female,RU
605,Katie,Sleight,ksleightgs@businessinsider.com,Female,NO
606,Wendie,Fothergill,wfothergillgt@amazon.co.jp,Female,CN
607,Archibaldo,Elks,aelksgu@baidu.com,Male,BR
608,Erika,Arch,earchgv@cyberchimps.com,Female,ID
609,Kristin,Galle,kgallegw@latimes.com,Female,CN
610,Kimmi,Piggrem,kpiggremgx@theguardian.com,Female,CO
611,Roslyn,Tennick,,Female,CN
612,Florella,Soitoux,,Female,CN
613,Johann,Threlfall,jthrelfallh0@wix.com,Male,FR
614,Ottilie,Haskey,ohaskeyh1@liveinternet.ru,Female,CN
615,Roxane,Adderson,raddersonh2@technorati.com,Female,CN
616,Gill,Jindracek,gjindracekh3@google.de,Female,UA
617,Rahel,Serrels,,Female,ID
618,Christabella,Give,cgiveh5@youtube.com,Female,UY
619,Millicent,Thumim,mthumimh6@comsenz.com,Female,RU
620,Angus,Tomlin,atomlinh7@accuweather.com,Male,PH
621,Margarete,Sharpless,msharplessh8@ebay.co.uk,Female,CN
622,Kristin,Gonzalvo,kgonzalvoh9@php.net,Female,CN
623,Karon,Nystrom,knystromha@istockphoto.com,Female,CA
624,Bridie,Vedenyapin,bvedenyapinhb@mysql.com,Female,VN
625,Jody,Cory,jcoryhc@jimdo.com,Male,ID
626,Ralf,Greggor,rgreggorhd@gov.uk,Male,SE
627,Jodi,Smaridge,,Male,PH
628,Hamlin,Grishinov,hgrishinovhf@acquirethisname.com,Male,BR
629,Marvin,Rizziello,mrizziellohg@skype.com,Male,CN
630,Oswald,Kenshole,okensholehh@youtube.com,Male,CN
631,Lexi,Foxwell,lfoxwellhi@linkedin.com,Female,CN
632,Cecilla,Entres,centreshj@cbc.ca,Female,HN
633,Tobe,Sporgeon,tsporgeonhk@jiathis.com,Male,JP
634,Debi,McDonnell,dmcdonnellhl@washingtonpost.com,Female,YE
635,Benyamin,Guinn,bguinnhm@wired.com,Male,CN
636,Glynis,Maving,gmavinghn@topsy.com,Female,CN
637,Clarie,Sturgis,csturgisho@moonfruit.com,Female,BR
638,Katti,Skegg,kskegghp@meetup.com,Female,PH
639,Errick,Brunel,ebrunelhq@alibaba.com,Male,RU
640,Atalanta,Goncalo,agoncalohr@webeden.co.uk,Female,CN
641,Eustacia,Goding,egodinghs@berkeley.edu,Female,PT
642,Heindrick,Breede,hbreedeht@boston.com,Male,PE
643,Ingaborg,Oakenfield,ioakenfieldhu@list-manage.com,Female,CN
644,Calli,M'Quharge,cmquhargehv@exblog.jp,Female,CN
645,Shannah,Ailmer,sailmerhw@sina.com.cn,Female,FR
646,Oona,Tregenna,otregennahx@sakura.ne.jp,Female,PH
647,Veda,McWhirter,vmcwhirterhy@cpanel.net,Female,CN
648,Beth,Pauler,bpaulerhz@mozilla.org,Female,RU
649,Osgood,Landon,olandoni0@wired.com,Male,PT
650,Amie,Creeboe,acreeboei1@cbsnews.com,Female,MX
651,Prinz,Symmons,psymmonsi2@nydailynews.com,Male,CN
652,Marsiella,Van Daalen,mvandaaleni3@webs.com,Female,PL
653,Marcela,Trengrouse,mtrengrousei4@fastcompany.com,Female,CZ
654,Chrissie,McCrory,cmccroryi5@statcounter.com,Female,CU
655,Adore,Foran,aforani6@1688.com,Female,PT
656,Thorndike,Lorkin,tlorkini7@geocities.com,Male,CN
657,Rollins,Newlyn,rnewlyni8@taobao.com,Male,SE
658,Tonye,Coade,tcoadei9@weibo.com,Female,RU
659,Thor,Petyanin,tpetyaninia@home.pl,Male,ID
660,Ralina,Somerton,rsomertonib@dailymotion.com,Female,FR
661,Gregorio,Hatzar,,Male,BR
662,Joelynn,Pactat,jpactatid@narod.ru,Female,CN
663,Madlen,Vauls,mvaulsie@illinois.edu,Female,PH
664,Emilie,Eustis,eeustisif@zdnet.com,Female,US
665,Aubrey,Santacrole,asantacroleig@stumbleupon.com,Female,CN
666,Corey,Prene,cpreneih@cornell.edu,Female,RU
667,Delainey,Lemmanbie,dlemmanbieii@europa.eu,Male,RU
668,Saraann,Burnel,sburnelij@flavors.me,Female,GR
669,Cordy,Leech,cleechik@myspace.com,Male,MA
670,James,Vest,,Male,BR
671,Edithe,Snazel,esnazelim@un.org,Female,US
672,Lydia,Mottley,lmottleyin@oracle.com,Female,CN
673,Claudio,Warrell,cwarrellio@cisco.com,Male,BR
674,Celle,Jellis,cjellisip@vistaprint.com,Female,IE
675,Sigismond,Wones,swonesiq@eepurl.com,Male,PL
676,Shepard,Yakunkin,syakunkinir@symantec.com,Male,PS
677,Dorise,Swiffen,dswiffenis@cnbc.com,Female,ID
678,Sandie,Niave,sniaveit@zimbio.com,Female,ID
679,Ursulina,Pleven,upleveniu@eventbrite.com,Female,PT
680,Muhammad,Kirkbride,mkirkbrideiv@prlog.org,Male,PT
681,Godard,Tethacot,gtethacotiw@ft.com,Male,CN
682,Branden,Metherell,bmetherellix@tumblr.com,Male,CN
683,Ambrosius,Gibbens,agibbensiy@edublogs.org,Male,PH
684,Sapphire,Porcher,sporcheriz@jalbum.net,Female,LA
685,Randie,Logesdale,rlogesdalej0@dagondesign.com,Male,JP
686,Jarrod,Yakovlev,jyakovlevj1@ask.com,Male,NO
687,Christean,Temporal,ctemporalj2@4shared.com,Female,BR
688,Eugenius,Antonio,eantonioj3@fema.gov,Male,PL
689,Yuri,Maly,ymalyj4@netvibes.com,Male,PH
690,Helyn,Lody,hlodyj5@theglobeandmail.com,Female,ID
691,Ware,Pisco,wpiscoj6@imageshack.us,Male,AR
692,Jacob,Underwood,junderwoodj7@list-manage.com,Male,CM
693,Crawford,Cornilli,,Male,RU
694,Matelda,Jurasz,mjuraszj9@sciencedaily.com,Female,ID
695,Shurlock,Arnson,,Male,RU
696,Maureen,Leindecker,mleindeckerjb@google.com.au,Female,CN
697,Nalani,Ridgedell,nridgedelljc@sohu.com,Female,LV
698,Vite,Guerola,vguerolajd@washington.edu,Male,PL
699,Portia,Gouley,,Female,CN
700,Nehemiah,Goomes,ngoomesjf@dyndns.org,Male,FR
701,Kalie,Grouer,kgrouerjg@nhs.uk,Female,UA
702,Ramona,Glossop,rglossopjh@un.org,Female,BR
703,Ly,Tuxell,ltuxellji@twitter.com,Male,ID
704,Gnni,Cowins,gcowinsjj@wikipedia.org,Female,CN
705,Reinhard,Mereweather,rmereweatherjk@flickr.com,Male,PL
706,Conney,Lamble,clamblejl@storify.com,Male,CN
707,Brockie,Szymoni,bszymonijm@whitehouse.gov,Male,CN
708,Star,Ximenez,sximenezjn@usda.gov,Female,CM
709,Shandy,Idwal Evans,sidwalevansjo@kickstarter.com,Female,RU
710,Berty,Beyne,bbeynejp@soup.io,Female,PH
711,Tabb,Brickham,tbrickhamjq@psu.edu,Male,BR
712,Kristopher,Dulieu,kdulieujr@shutterfly.com,Male,MA
713,Augustus,Sterman,astermanjs@altervista.org,Male,ID
714,Jenn,Lambarton,jlambartonjt@squarespace.com,Female,CN
715,Wendall,Kneesha,wkneeshaju@telegraph.co.uk,Male,CA
716,Afton,Elias,,Female,ID
717,Suzette,Winterborne,swinterbornejw@wordpress.com,Female,VE
718,Markus,Parlor,mparlorjx@tripadvisor.com,Male,BY
719,Laura,Conyard,lconyardjy@mozilla.com,Female,US
720,Gretta,Moon,,Female,PH
721,Yvonne,Sydry,,Female,CN
722,Rafe,Blest,,Male,FI
723,Claudius,Worcester,cworcesterk2@elpais.com,Male,JP
724,Arin,Dilke,adilkek3@eepurl.com,Male,FR
725,Zilvia,Aim,zaimk4@nature.com,Female,CN
726,Donall,Strangeways,,Male,CN
727,Ardyth,Camamile,acamamilek6@oaic.gov.au,Female,ID
728,Lanie,Tollemache,ltollemachek7@nps.gov,Female,CN
729,Koenraad,Vereker,kverekerk8@howstuffworks.com,Male,LT
730,Nollie,Palfreyman,npalfreymank9@stumbleupon.com,Female,PT
731,Cirilo,Keers,ckeerska@fotki.com,Male,CN
732,Jeno,Lidyard,jlidyardkb@mozilla.com,Male,FR
733,Charley,Huckin,,Male,CN
734,Parsifal,Tuckley,ptuckleykd@meetup.com,Male,CD
735,Amalie,Agdahl,aagdahlke@eepurl.com,Female,CN
736,Rooney,Kinnane,rkinnanekf@weibo.com,Male,CN
737,Stanwood,Romand,sromandkg@chronoengine.com,Male,CN
738,Ulrick,Cornier,ucornierkh@tinypic.com,Male,MX
739,Annette,Mayte,amayteki@hatena.ne.jp,Female,SE
740,Ambrosius,Yve,ayvekj@china.com.cn,Male,PH
741,Alphard,Forsdicke,aforsdickekk@harvard.edu,Male,NO
742,Dulcea,Tue,dtuekl@guardian.co.uk,Female,PH
743,Aridatha,Johananoff,ajohananoffkm@cyberchimps.com,Female,JP
744,Zaccaria,Satterfitt,zsatterfittkn@comcast.net,Male,KZ
745,Caryl,Shenfisch,cshenfischko@is.gd,Female,PH
746,Lorne,Garvill,lgarvillkp@multiply.com,Female,SA
747,Bernardo,Matt,bmattkq@foxnews.com,Male,RE
748,Isis,Stefi,istefikr@nba.com,Female,US
749,Louella,Royan,lroyanks@so-net.ne.jp,Female,CN
750,Zebedee,Hogsden,zhogsdenkt@paginegialle.it,Male,CN
751,Malinde,MacQueen,,Female,PT
752,Dolph,Le Clercq,dleclercqkv@nifty.com,Male,BD
753,Maurita,Younglove,myounglovekw@aol.com,Female,PE
754,Rainer,Ordidge,rordidgekx@webs.com,Male,ID
755,Ronald,Stilgoe,rstilgoeky@weibo.com,Male,ID
756,Helyn,Plimmer,hplimmerkz@cornell.edu,Female,BF
757,Abbey,Elesander,aelesanderl0@yahoo.co.jp,Male,RU
758,Boonie,Broddle,bbroddlel1@washington.edu,Male,ID
759,Rois,Shera,rsheral2@webeden.co.uk,Female,HR
760,Prudi,Dikle,pdiklel3@lycos.com,Female,BR
761,Eddy,Murrish,emurrishl4@unc.edu,Female,EC
762,Armand,Birtle,abirtlel5@telegraph.co.uk,Male,CZ
763,Laney,Baise,lbaisel6@usnews.com,Male,CN
764,Nikita,Jancic,njancicl7@constantcontact.com,Male,PL
765,Stinky,Sumshon,ssumshonl8@un.org,Male,ID
766,Joell,Worlock,jworlockl9@accuweather.com,Female,MY
767,Nari,Snookes,,Female,BZ
768,Margot,Peyes,mpeyeslb@princeton.edu,Female,CN
769,Templeton,Organer,torganerlc@narod.ru,Male,RU
770,Mario,McCullouch,mmccullouchld@marketwatch.com,Male,ID
771,Shelba,Meuse,smeusele@icio.us,Female,PL
772,Barnaby,Compfort,bcompfortlf@parallels.com,Male,SL
773,Lombard,De Bernardis,ldebernardislg@bbb.org,Male,CN
774,Katharina,Braywood,,Female,RU
775,Karly,Riddett,kriddettli@clickbank.net,Female,AO
776,Kirbee,Wanklin,kwanklinlj@mapquest.com,Female,HN
777,Nikolaos,Trittam,ntrittamlk@archive.org,Male,ID
778,Huntington,Convery,hconveryll@nih.gov,Male,NG
779,Gualterio,Kleen,gkleenlm@about.com,Male,US
780,Tamiko,Scroggs,tscroggsln@ezinearticles.com,Female,KE
781,Rudolf,Cosser,rcosserlo@blogtalkradio.com,Male,CN
782,Hollyanne,Kohneke,hkohnekelp@sogou.com,Female,CA
783,Waite,Farnorth,wfarnorthlq@mozilla.com,Male,KP
784,Osmund,Shama,oshamalr@oaic.gov.au,Male,NG
785,Saundra,Huske,shuskels@opera.com,Female,ID
786,Harlen,Yedy,hyedylt@yale.edu,Male,PE
787,Franny,Palffy,fpalffylu@answers.com,Female,AR
788,Boote,Caulkett,bcaulkettlv@desdev.cn,Male,TO
789,Olly,Poulett,opoulettlw@phoca.cz,Male,RU
790,Gilberte,MacEvilly,gmacevillylx@typepad.com,Female,CN
791,Ernesta,Houtby,ehoutbyly@t-online.de,Female,SE
792,Ardelis,Skeffington,,Female,BR
793,Quint,Busswell,qbusswellm0@spotify.com,Male,CN
794,Minnnie,Drescher,mdrescherm1@boston.com,Female,BG
795,Andree,Pes,apesm2@senate.gov,Female,US
796,Nathaniel,Spering,nsperingm3@slashdot.org,Male,ID
797,Gannon,Benduhn,,Male,ID
798,Seth,Setch,ssetchm5@sakura.ne.jp,Male,CN
799,Henri,Jurek,hjurekm6@ameblo.jp,Male,BR
800,Camile,Bendixen,cbendixenm7@amazon.com,Female,LK
801,Pavia,Moyle,pmoylem8@slashdot.org,Female,AI
802,Terri,Bodycote,tbodycotem9@google.com.br,Male,CN
803,Bambie,McGriele,bmcgrielema@deviantart.com,Female,DO
804,Ransell,House,rhousemb@exblog.jp,Male,CZ
805,Marietta,Kelson,mkelsonmc@163.com,Female,CA
806,Norine,Hail,nhailmd@ft.com,Female,BR
807,Jorie,Dockerty,jdockertyme@techcrunch.com,Female,NO
808,Jacky,Badgers,jbadgersmf@digg.com,Male,PH
809,Roman,Newarte,rnewartemg@reuters.com,Male,CN
810,Tallie,Devanney,tdevanneymh@salon.com,Male,AR
811,Nerissa,Fraczak,nfraczakmi@mac.com,Female,RS
812,Yetta,Stubbins,ystubbinsmj@ebay.co.uk,Female,CN
813,Clint,Ginnelly,cginnellymk@lulu.com,Male,RU
814,Lurleen,Agget,,Female,BR
815,Rivkah,Faughny,rfaughnymm@a8.net,Female,AM
816,Westbrooke,Sawle,wsawlemn@google.cn,Male,CO
817,Ardene,Skate,,Female,KM
818,Malena,Pittham,mpitthammp@ovh.net,Female,CN
819,Ferdinande,Cartledge,fcartledgemq@de.vu,Female,NZ
820,Riane,Haydn,rhaydnmr@cornell.edu,Female,CN
821,Sheffield,Flannigan,sflanniganms@booking.com,Male,DO
822,Casey,Danilenko,cdanilenkomt@alexa.com,Male,PL
823,Darleen,Ranklin,dranklinmu@mail.ru,Female,CN
824,Joelly,Peirpoint,jpeirpointmv@upenn.edu,Female,PT
825,Howie,Greason,hgreasonmw@hhs.gov,Male,CZ
826,Reinhold,Kille,rkillemx@etsy.com,Male,FI
827,Lyndsay,Parsonson,lparsonsonmy@cargocollective.com,Female,CM
828,Ebenezer,Pothergill,epothergillmz@boston.com,Male,BR
829,Dierdre,Olivetta,dolivettan0@loc.gov,Female,DO
830,Nicolas,Mattisssen,nmattisssenn1@independent.co.uk,Male,SD
831,Louella,Izaac,lizaacn2@deviantart.com,Female,PT
832,Kerry,Hazel,khazeln3@printfriendly.com,Male,PL
833,Nissy,Tooley,,Female,ID
834,Marrissa,Dedden,mdeddenn5@networksolutions.com,Female,CN
835,Thorndike,Evesque,,Male,CO
836,Dorthy,Goligher,dgolighern7@gmpg.org,Female,PH
837,Ofella,Falls,ofallsn8@hostgator.com,Female,SE
838,Daisie,Gambles,dgamblesn9@indiatimes.com,Female,IR
839,Octavia,Lettley,olettleyna@china.com.cn,Female,BA
840,Luther,Poskitt,lposkittnb@merriam-webster.com,Male,IR
841,Bernelle,McAlpine,bmcalpinenc@cafepress.com,Female,PT
842,Mendy,Lenox,,Male,TH
843,Reagan,MacGowing,rmacgowingne@drupal.org,Male,RU
844,Tabby,Deacon,tdeaconnf@umn.edu,Female,HR
845,Brit,Ferrant,bferrantng@spiegel.de,Male,ID
846,Linn,Leeke,lleekenh@360.cn,Male,ID
847,Annadiana,Dowears,adowearsni@whitehouse.gov,Female,CF
848,Rosamond,Murrish,rmurrishnj@pen.io,Female,BR
849,Corbin,Postlewhite,cpostlewhitenk@irs.gov,Male,CN
850,Simona,Telling,stellingnl@de.vu,Female,CZ
851,Tobe,Robotham,trobothamnm@list-manage.com,Female,FR
852,Gilburt,Dykes,gdykesnn@pinterest.com,Male,PH
853,Elden,Rosencrantz,,Male,CN
854,Daria,Squeers,dsqueersnp@cocolog-nifty.com,Female,MX
855,Barnabas,Normandale,bnormandalenq@hubpages.com,Male,ID
856,Niles,Magister,nmagisternr@google.co.uk,Male,ID
857,Archibaldo,Matelaitis,amatelaitisns@army.mil,Male,US
858,Beverly,MacFadden,bmacfaddennt@uol.com.br,Female,VN
859,Alla,McSharry,amcsharrynu@goodreads.com,Female,HR
860,Candy,Napier,cnapiernv@devhub.com,Female,FR
861,Waylen,Dawidowitsch,wdawidowitschnw@mozilla.org,Male,CZ
862,Dedra,Geekin,dgeekinnx@xing.com,Female,SE
863,Benson,Ellacombe,bellacombeny@economist.com,Male,UA
864,Konrad,Abramowitz,kabramowitznz@canalblog.com,Male,CZ
865,Ardith,Titchard,atitchardo0@va.gov,Female,ID
866,Heath,Goundsy,hgoundsyo1@mozilla.com,Male,RS
867,Mayne,Gages,mgageso2@newsvine.com,Male,CN
868,Siegfried,Durrand,sdurrando3@google.com.au,Male,RU
869,Eloise,Gossart,egossarto4@behance.net,Female,FR
870,Sid,Clemett,sclemetto5@washingtonpost.com,Male,NG
871,Neville,Simnell,,Male,SE
872,Carey,Paliser,cpalisero7@youku.com,Male,CN
873,Farley,Hixson,fhixsono8@fc2.com,Male,MT
874,Brigid,Ortmann,bortmanno9@businessweek.com,Female,CO
875,Prince,Snap,psnapoa@dropbox.com,Male,RU
876,Mano,Zettoi,mzettoiob@livejournal.com,Male,TJ
877,Matthew,Mattam,mmattamoc@ask.com,Male,PL
878,Jeffy,Tribe,jtribeod@is.gd,Male,ID
879,Marris,McAnalley,mmcanalleyoe@ftc.gov,Female,AR
880,Stevie,Oxtiby,soxtibyof@independent.co.uk,Male,ID
881,Belvia,Ivannikov,bivannikovog@wufoo.com,Female,PL
882,Jerome,Harriday,jharridayoh@berkeley.edu,Male,CN
883,Arliene,O'Neill,aoneilloi@deliciousdays.com,Female,JP
884,Mamie,Gregol,mgregoloj@soundcloud.com,Female,GE
885,Nico,Schirak,,Male,RU
886,Isa,Walworche,iwalworcheol@princeton.edu,Female,UA
887,Cull,Bronot,cbronotom@cornell.edu,Male,AM
888,Andre,McDugal,amcdugalon@liveinternet.ru,Male,CN
889,Jessamine,Egalton,jegaltonoo@wikia.com,Female,RU
890,Rourke,Catterall,,Male,CN
891,Siffre,Hanington,shaningtonoq@webnode.com,Male,ID
892,Hale,Penhaligon,hpenhaligonor@dedecms.com,Male,HR
893,Waldo,Crusham,wcrushamos@wordpress.org,Male,BA
894,Ida,Pimerick,ipimerickot@oakley.com,Female,UG
895,Felipe,Trippitt,ftrippittou@1und1.de,Male,PH
896,Malina,Rathjen,mrathjenov@linkedin.com,Female,ID
897,Tibold,Masedon,tmasedonow@opensource.org,Male,SE
898,Prudy,Venning,,Female,CN
899,Derrik,Petch,dpetchoy@upenn.edu,Male,FR
900,April,Crome,acromeoz@about.com,Female,BY
901,Dody,Nickoll,dnickollp0@indiatimes.com,Female,CN
902,Rennie,O'Rudden,roruddenp1@networkadvertising.org,Female,BA
903,Gery,Hawton,ghawtonp2@cmu.edu,Male,BR
904,Sheffy,Ordish,sordishp3@wikimedia.org,Male,NL
905,Raynell,Chippindale,rchippindalep4@elpais.com,Female,BR
906,Joshuah,Slowan,jslowanp5@scribd.com,Male,BR
907,Maurita,Pitcaithley,mpitcaithleyp6@last.fm,Female,EG
908,Ivan,O'Regan,ioreganp7@gravatar.com,Male,GR
909,Iorgo,Ericsson,iericssonp8@amazon.co.jp,Male,GT
910,Arte,Fyfield,,Male,ID
911,Victoir,Poley,vpoleypa@narod.ru,Male,ID
912,Ferguson,Maplesden,fmaplesdenpb@bandcamp.com,Male,CN
913,Delilah,Thew,dthewpc@cisco.com,Female,RU
914,Henrietta,Billes,hbillespd@dell.com,Female,US
915,Greta,MacFarlan,gmacfarlanpe@state.tx.us,Female,UA
916,Yurik,Gasken,ygaskenpf@dailymail.co.uk,Male,CN
917,Konstantine,Ghost,kghostpg@cnbc.com,Male,ID
918,Dietrich,McLaughlin,dmclaughlinph@omniture.com,Male,US
919,Glory,Gyrgorwicx,,Female,RU
920,Anstice,Wilds,awildspj@infoseek.co.jp,Female,CA
921,Bay,Abriani,babrianipk@tamu.edu,Male,FR
922,Deanne,Poon,dpoonpl@ihg.com,Female,CZ
923,Marion,Halbert,mhalbertpm@myspace.com,Male,PH
924,Susy,Patterfield,spatterfieldpn@npr.org,Female,CN
925,Pauly,Dykes,pdykespo@lulu.com,Male,CR
926,Gaylene,Cluse,gclusepp@smugmug.com,Female,AZ
927,Dale,Footer,dfooterpq@edublogs.org,Female,SE
928,Tailor,Goddert.sf,tgoddertsfpr@de.vu,Male,IE
929,Fannie,Christou,fchristoups@mysql.com,Female,ID
930,Cass,Hudd,chuddpt@pen.io,Male,PH
931,Che,Huison,chuisonpu@sakura.ne.jp,Male,MG
932,Maddie,Frew,mfrewpv@exblog.jp,Female,AM
933,Darnall,Janaud,djanaudpw@nyu.edu,Male,BI
934,Kassi,Gimblet,kgimbletpx@globo.com,Female,BY
935,Alon,Godspeede,agodspeedepy@yandex.ru,Male,MX
936,Janetta,Gidney,jgidneypz@cafepress.com,Female,NG
937,Arvie,Idel,aidelq0@yahoo.com,Male,JP
938,Alameda,Calveley,acalveleyq1@163.com,Female,CN
939,Cathy,Huntley,chuntleyq2@oracle.com,Female,FR
940,Nannette,Renad,nrenadq3@mashable.com,Female,CN
941,Brinna,Shone,bshoneq4@state.gov,Female,ID
942,Clywd,Squelch,csquelchq5@arstechnica.com,Male,ID
943,Rockey,Braunds,rbraundsq6@go.com,Male,CN
944,Scotty,Quenby,squenbyq7@parallels.com,Male,RU
945,Artus,Ruddock,aruddockq8@prlog.org,Male,CN
946,Rossie,Dofty,,Male,AR
947,Adi,Rosenbloom,arosenbloomqa@cam.ac.uk,Female,AF
948,Sherill,Sibille,ssibilleqb@theglobeandmail.com,Female,PH
949,Theodore,Lorenzetti,tlorenzettiqc@bizjournals.com,Male,CN
950,Lorinda,Picken,lpickenqd@omniture.com,Female,CN
951,Miner,Hrihorovich,mhrihorovichqe@wikia.com,Male,PS
952,Job,Whalley,jwhalleyqf@nyu.edu,Male,BR
953,Tallie,Gianolini,tgianoliniqg@wired.com,Male,CA
954,Cristy,Beardmore,cbeardmoreqh@feedburner.com,Female,PL
955,Jacinda,Loomes,jloomesqi@devhub.com,Female,RU
956,Oralla,Sully,osullyqj@cornell.edu,Female,IT
957,Andreas,Taphouse,ataphouseqk@odnoklassniki.ru,Male,LU
958,Teddi,Gregorin,tgregorinql@mediafire.com,Female,PH
959,Felicle,Podbury,,Female,CN
960,Scott,Sylvaine,ssylvaineqn@ucla.edu,Male,RU
961,Edyth,Slora,esloraqo@last.fm,Female,CN
962,Doe,Antyukhin,dantyukhinqp@opensource.org,Female,SE
963,Torrance,Issett,tissettqq@phpbb.com,Male,CN
964,Mateo,MacCome,,Male,CN
965,Loralyn,Calles,lcallesqs@google.com.au,Female,ID
966,Barnaby,Kinsley,,Male,CN
967,Dagny,Gerriet,dgerrietqu@nyu.edu,Male,PH
968,Trip,Killingbeck,tkillingbeckqv@dedecms.com,Male,CN
969,Truman,Ecob,tecobqw@fema.gov,Male,GR
970,Eloisa,Muldrew,emuldrewqx@walmart.com,Female,PL
971,Alick,Shillabeare,ashillabeareqy@toplist.cz,Male,AM
972,Dennie,Catherick,dcatherickqz@pinterest.com,Female,ID
973,Stace,Cornfoot,scornfootr0@ibm.com,Female,GR
974,Lenore,Coenraets,lcoenraetsr1@t-online.de,Female,FR
975,Dal,Lampart,dlampartr2@epa.gov,Male,PT
976,Germain,Lechmere,,Female,PL
977,Alwin,Sember,asemberr4@fastcompany.com,Male,MY
978,Rabi,Bryett,rbryettr5@springer.com,Male,CN
979,Karia,Summers,,Female,ID
980,Krystyna,Kettoe,kkettoer7@ning.com,Female,RU
981,Pyotr,Stiffell,pstiffellr8@so-net.ne.jp,Male,UG
982,Sheffie,Bimrose,sbimroser9@harvard.edu,Male,BR
983,Woodman,Petyankin,wpetyankinra@ox.ac.uk,Male,RU
984,Terese,Lacase,tlacaserb@cpanel.net,Female,CN
985,Rebeka,Frostdicke,rfrostdickerc@wsj.com,Female,PT
986,Ravi,Lymer,rlymerrd@google.cn,Male,RU
987,Isak,McFeate,,Male,PK
988,Currie,Blunderfield,cblunderfieldrf@friendfeed.com,Male,TH
989,Marty,Doole,mdoolerg@baidu.com,Male,PH
990,Garek,McCabe,gmccaberh@trellian.com,Male,ID
991,Derward,Copeman,,Male,PT
992,Thelma,Etter,tetterrj@a8.net,Female,MX
993,Pauline,Cummine,,Female,CA
994,Hyacinthia,Hallibone,hhallibonerl@ftc.gov,Female,VE
995,Jeramey,Hegarty,,Male,RU
996,Wade,Rodwell,wrodwellrn@globo.com,Male,PL
997,Blinny,Vink,bvinkro@oracle.com,Female,ID
998,Meier,Stockbridge,mstockbridgerp@vinaora.com,Male,AL
999,Rhiamon,Laux,rlauxrq@omniture.com,Female,RU
1000,Nickolaus,Babst,nbabstrr@canalblog.com,Male,MY
